about_sale_date,name,data_id,author,like,url,category,about_polygon,body,chest,kemomimi,tail,horn,wing,elfmimi,hairo,robo
2022/02/26,桔梗,kikyo,ポンデロニウム研究所,21118,https://booth.pm/ja/items/3681787,少女,108686,中,大,,,,,,,
2022/1/1,カリン,karin,あまとうさぎ,18627,https://booth.pm/ja/items/3470989,少女,46414,小,小,o,o,,,,,
2023/8/31,マヌカ,manuka,STUDIO JINGO,19100,https://booth.pm/ja/items/5058077,少女,117236,中,小,o,o,,,,,
2021/10/31,舞夜,maya,キュビクローゼット,17599,https://booth.pm/ja/items/3390957,少女,69117,中,中,,,,,,,
2022/12/23,まめひなた,mamehinata,もち山金魚,17813,https://booth.pm/ja/items/4340548,ちびキャラ,57939,小,小,,,,,,,
2022/7/28,セレスティア,selestia,STUDIO JINGO,16725,https://booth.pm/ja/items/4035411,少女,107161,中,大,,,,,,,
2019/7/31,幽狐族のお姉様,yukozokunoojyosama,FRIENDLY PLANET,16103,https://booth.pm/ja/items/1484117,少女,,小,小,,,,,,,
2021/1/1,ラスク,rusk,あまとうさぎ,15041,https://booth.pm/ja/items/2559783,少女,29841,小,小,o,o,,,,,
2022/8/29,ゾメちゃん,zomechan,Yorshka Shop,15144,https://booth.pm/ja/items/4118550,少女,65804,小,小,,,o,,,,
2021/11/20,竜胆,rindo,STUDIO JINGO,13704,https://booth.pm/ja/items/3443188,少女,117224,中,中,o,o,,,,,
2023/04/13,萌,moe,キュビクローゼット,13821,https://booth.pm/ja/items/4667400,少女,112374,中,中,o,o,,,,,
2023/4/26,生駒ミル,ikomamiru,RiBLA Laboratory売店,13742,https://booth.pm/ja/items/3521047,少女,67537,中,大,,,,,,,
2022/3/25,RadDollV2,raddollv2,三丁目の魔界,13031,https://booth.pm/ja/items/3741802,少女,87144,中,小,o,o,,,,,
2021/09/04,アッシュ ,ash,ぷらすわん,12167,https://booth.pm/ja/items/3234473,少女,78936,小,小,o,o,,,,,
2020/7/14,薄荷,hakka,mio3io,11348,https://booth.pm/ja/items/2215270,少女,33000,中,中,o,o,,,,,
2023/4/30,森羅,shinra,mio3io,11627,https://booth.pm/ja/items/4707634,少女,69000,大,中,,,,,,,
2020/11/29,狐雪,koyuki,キュビクローゼット,10655,https://booth.pm/ja/items/2554585,少女,55918,中,小,o,o,,,,,
2021/02/28,ここあ,kokoa,キュビクローゼット,10533,https://booth.pm/ja/items/2780069,少女,,中,大,o,o,,,,,
2023/12/1,瑞希,mizuki,IKUSIA,11020,https://booth.pm/ja/items/5132797,少女,247204,中,大,o,o,,,,,
2021/01/30,ウルフェリア,wolferia,ひゅうがなつみかん,10364,https://booth.pm/ja/items/2709610,少女,64556,中,中,o,o,,,,,
2021/2/12,U,u,QuQu,10315,https://booth.pm/ja/items/2736146,少女,29000,中,小,,,,,,,
2019/03/02,ミーシェ,mishe,ポンデロニウム研究所,10155,https://booth.pm/ja/items/1256087,少女,,小,小,o,o,,,,,
2022/7/30,ナユ,nayu,ぷらすわん,10164,https://booth.pm/ja/items/4023598,少女,55984,中,小,,,,,o,,
2022/01/06,うささき,usasaki,もち山金魚,9810,https://booth.pm/ja/items/3550881,ちびキャラ,47526,小,小,o,o,,,,,
2020/04/13,リーメ,leeme,スタジオシャーロ,9545,https://booth.pm/ja/items/972559,少女,,中,中,,,o,,,,
2020/04/13,リーバ,reeva,スタジオシャーロ,9545,https://booth.pm/ja/items/972559,少女,,中,中,,,o,,,,
2020/02/11,京狐,kyoko,ひゅうがなつみかん,9337,https://booth.pm/ja/items/1826902,少女,43534,中,中,o,o,,,,,
2024/07/12,キプフェル,kipfel,もち山金魚,10948,https://booth.pm/ja/items/5813187,ちびキャラ,69961,小,小,o,o,,,,,
2019/06/15,ロポリこん,loporykon,みどりの森°　MIDORI NO MORI°,9281,https://booth.pm/ja/items/1415037,ちびキャラ,5000,小,小,o,o,,,,,
2021/10/29,みなほし,minahoshi,もち山金魚,9399,https://booth.pm/ja/items/2693309,ちびキャラ,68854,小,小,o,o,,,,,
2024/01/01,シフォン,chiffon,あまとうさぎ,9533,https://booth.pm/ja/items/5354471,少女,82525,小,小,,,,,,,
2020/12/09,CyberCat2.0,cybercat2.0,仮店舗,9052,https://booth.pm/ja/items/1333754,少女,113522,中,小,,,,,,,
2023/6/2,ラシューシャ,lasyusha,Keenoo,9256,https://booth.pm/ja/items/4825073,少女,163819,大,大,o,o,,,,,
2023/6/30,ライム,lime,あまとうさぎ,9184,https://booth.pm/ja/items/4876459,少女,105923,中,小,,,,,,,
2022/7/21,水瀬,minase,mio3io,8967,https://booth.pm/ja/items/4013951,少年,60000,大,中,o,o,,,,,
2022/10/14,龍のヨルちゃん,ryunoyoruchan,KUYUYU/電脳屋,8889,https://booth.pm/ja/items/3923094,少女,104000,中,大,,o,o,,o,,
2022/4/28,ハオラン,haolan,かなﾘぁさんち,8947,https://booth.pm/ja/items/3818504,少年,25000,中,小,o,o,,,,,
2020/7/31,ミント,mint,あまとうさぎ,8562,https://booth.pm/ja/items/2258111,少女,26994,小,小,,,,,,,
2022/9/19,ソフィナ,sophina,Luku me,8709,https://booth.pm/ja/items/4044305,少女,68956,中,中,o,o,,,,,
2022/6/21,サフィー,sapphy,仮想VoidCat,8637,https://booth.pm/ja/items/3939858,少女,67542,中,中,o,o,,,,,
2020/9/4,メリノ,merino,ポンデロニウム研究所,8389,https://booth.pm/ja/items/2351859,少女,86578,中,中,,,o,,,,
2020/1/14,アルディナ,aldina,Yorshka Shop,8354,https://booth.pm/ja/items/1777704,少女,27851,小,中,,,,,,,
2022/01/07,あのん,anon,こよりLabo,8337,https://booth.pm/ja/items/3564947,少女,83252,中,小,o,o,,,,,
2022/02/23,リーファ,leefa,ひゅうがなつみかん,8363,https://booth.pm/ja/items/3659436,少女,82129,中,中,,,,,,,
2020/06/25,プラチナ,platinum,ぷらすわん,8423,https://booth.pm/ja/items/3950859,少女,57055,小,小,,,,,,,
2023/3/5,フィオナ,fiona,namekuji1337,8404,https://booth.pm/ja/items/4592568,少女,83059,中,小,,,,,,,
2022/9/30,ソラハ,soraha,こここや,8253,https://booth.pm/ja/items/4208278,少女,68111,小,小,,,,,,,
2023/10/8,真冬,mafuyu,ぷらすわん,8449,https://booth.pm/ja/items/5007531,少女,104217,中,中,o,o,,,,,
2022/08/27,ルーナリット,lunalitt,ひゅうがなつみかん,7909,https://booth.pm/ja/items/4063740,少女,94703,中,中,,,,,,,
2021/08/06,碼希,maki,ひゅうがなつみかん,7779,https://booth.pm/ja/items/3162696,少年,80106,大,小,,,,,,,
2021/8/13,Grus,grus,久,7741,https://booth.pm/ja/items/3190100,少女,56699,中,中,,,,,,,
2020/12/26,イヨ,eyo,STUDIO JINGO,7677,https://booth.pm/ja/items/2630437,少女,66784,中,中,,,,,,,
2021/11/01,まりえる,mariel,ひゅうがなつみかん,7631,https://booth.pm/ja/items/3390339,少女,81538,中,中,,,,,,,
2023/7/15,デルタフレア,deltaflair,VERMILION .Studio,7832,https://booth.pm/ja/items/4906631,少女,91491,中,小,,,,,,,
2021/12/3,トラスとウェッジ,tolasstowedge,nylonheart,7542,https://booth.pm/ja/items/3472207,少女,47726,中,小,,,,,,,
2019/1/28,スノウエルフのお嬢様,snoelfnoojyosama,FRIENDLY PLANET,7333,https://booth.pm/ja/items/1202638,少女,,小,小,,,,,o,,
2020/06/16,リア-アリス,rearalice,ぷらすわん,7194,https://booth.pm/ja/items/2146588,少女,55766,小,小,,,,,,,
2021/6/12,イメリス,imeris,STUDIO JINGO,7205,https://booth.pm/ja/items/3040745,少女,67039,大,大,o,o,o,,,,
2019/09/21,Noy,noy,Ficsnade,7127,https://booth.pm/ja/items/1572406,少女,,小,小,o,o,,,,,
2021/03/05,センティッド,scented,紅茶のお店,7063,https://booth.pm/ja/items/2789739,少女,74901,大,大,o,o,,,,,
2020/12/09,サタリナ族のメイドさん,satalinazokunomaid,FRIENDLY PLANET,6967,https://booth.pm/ja/items/2589069,少女,40885,中,大,,,o,o,o,,
2022/10/29,New NecoMaid,newnecomaid,QuQu,7085,https://booth.pm/ja/items/4252664,少女,63000,中,中,,,,,,,
2022/05/08,いぬいぬ,inuinu,zuchicorn shop,7179,https://booth.pm/ja/items/3853613,ケモノ,13000,小,小,o,o,,,,,
2021/05/27,セフィラ,sephira,ぷらすわん,6827,https://booth.pm/ja/items/2953001,少女,63730,中,小,o,o,,,,,
2021/8/18,杏里,anon,mio3io,6783,https://booth.pm/ja/items/3203894,少年,50000,大,小,,,,,,,
2022/12/3,ユギ,yugi,Saki#,6779,https://booth.pm/ja/items/4358508,少女,"96,898",小,中,o,o,,,,,
2022/12/3,ミヨ,miyo,Saki#,6779,https://booth.pm/ja/items/4358508,少女,"96,898",小,中,o,o,,,,,
2021/7/30,ギモザード,gimozard,Yorshka Shop,6671,https://booth.pm/ja/items/3152272,少女,67706,中,大,,,,,,,
2023/10/07,びしょぬれのしずくさん,bisyonurenoshizukusan,KUROMARU9,6730,https://booth.pm/ja/items/3828632,少女,65000,中,小,,,,,,o,
2022/11/25,INABA,inaba,ゴールデン商会,6482,https://booth.pm/ja/items/4213786,少女,,中,大,o,o,,,,,
2022/11/25,椎名,shina,ゴールデン商会,6482,https://booth.pm/ja/items/4213786,少女,,中,中,o,o,,,,,
2022/11/25,狐雨,kosame,ゴールデン商会,6482,https://booth.pm/ja/items/4213786,少女,,中,大,o,o,,,,,
2023/02/01,めいゆん,meiyun,にげるな屋,6530,https://booth.pm/ja/items/4431242,少女,142372,中,小,o,o,,,,,
2024/04/12,しお,sio,Chocolate rice,6831,https://booth.pm/ja/items/5650156,少女,123140,中,中,o,o,,,,,
2018/12/8,メディカルセンタースタッフさん,medicalcenternostaffsan,FRIENDLY PLANE,6368,https://booth.pm/ja/items/1130532,少女,,小,中,,,,,,,
2023/12/08,狛乃,komano,ひゅうがなつみかん,6603,https://booth.pm/ja/items/5260363,少年,110577,大,中,o,o,,,,,
2021/5/8,ミルク Re,milkre,あまとうさぎ,6317,https://booth.pm/ja/items/2953391,少女,45216,小,小,o,o,,,,,
2022/05/26,シエル,ciel,ArmoireLepus -アルモワール レプス-,6158,https://booth.pm/ja/items/3368697,少女,77654,中,中,o,o,,,,,
2023/08/19,ルゼブル,lzebul,追憶の書架,6228,https://booth.pm/ja/items/4887691,少女,126810,中,中,,,,,,,
2021/10/08,くろなつ,kuronatsu,なんか作ろうよ,6108,https://booth.pm/ja/items/3329958,少女,38947,中,中,,,o,,,,
2022/08/17,華夜,kaya,SASA-Cafe,6156,https://booth.pm/ja/items/3480756,少女,73000,中,中,,,,,,,
2021/12/5,Adolescent U,adolescentu,QuQu,6045,https://booth.pm/ja/items/3284430,少女,31000,中,中,,,,,,,
2021/1/1,狐薄,kohaku,なっふな堂,5930,https://booth.pm/ja/items/2616595,少女,52167,中,中,o,o,,,,,
2020/08/24,沙猫,saneko,ひゅうがなつみかん,5746,https://booth.pm/ja/items/2322146,少女,54396,中,中,o,o,,,,,
2022/10/15,Emmelie3D,emmelie,emudotto.avatar,5762,https://booth.pm/ja/items/4052120,少女,176652,中,小,o,o,,,,,
2022/2/19,九条フレカ,kujofureka,RiBLA Laboratory売店,5721,https://booth.pm/ja/items/3644446,少女,41016,中,中,,,,,,,
2022/12/17,リルモワ,liloumois,もにゅめんつ.MONUMENTS,5684,https://booth.pm/ja/items/4296377,少女,70956,中,大,,,,o,,o,
2022/8/11,うるる,ururu,なっふな堂,5637,https://booth.pm/ja/items/4049292,少女,91000,中,中,o,,o,,,,
2020/7/7,アル,alu,星ワタリノ空,5583,https://booth.pm/ja/items/2174830,少年,,大,小,,,,,,,
2020/05/25,レナ・カクテル,lenacocktail,ストレイ・ラム,5433,https://booth.pm/ja/items/2097499,少女,60529,中,中,,,o,,o,,
2022/05/20,ましゅ,mashu,Sisters!,5506,https://booth.pm/ja/items/3878174,ちびキャラ,28502,小,小,o,o,,,,,
2020/12/22,ハムちゃん,hamchan,Mech,5463,https://booth.pm/ja/items/2621226,ケモノ,,小,小,o,o,,,,,
2021/09/25,ミュリシア,mulicia,もにゅめんつ.MONUMENTS,5244,https://booth.pm/ja/items/3302156,少女,59555,中,中,o,o,,,,,
2023/12/31,フェリス,felis,リュクらぼ,5708,https://booth.pm/ja/items/5385176,少女,55043,中,小,o,o,,,,,
2023/11/3,イリス,iris,namekuji1337,5399,https://booth.pm/ja/items/5209634,少女,92569,中,小,,o,o,o,o,,
2023/12/20,凪,nagi,rio3d,5393,https://booth.pm/ja/items/5345398,少女,97000,中,中,,,,,,,
2020/07/25,ユキちゃん,yukichan,Honeycrisp,5106,https://booth.pm/ja/items/2198694,少女,42949,中,中,o,o,,,,,
2023/12/22,凪夜 瑠璃,nagiyaruri,STUDIO MOCA,5226,https://booth.pm/ja/items/5351494,少女,66643,中,中,,,,,,,
2021/12/4,双迦,soka,studio nanodes,5025,https://booth.pm/ja/items/3458154,少女,,中,小,,,,,,,
2020/11/28,イヴ,eve,Sisters!,5025,https://booth.pm/ja/items/2557029,少女,53350,小,小,o,,,,,,
2022/3/10,イリオ1.0,irio1.0,アバターショップ コトブキヤ,4964,https://booth.pm/ja/items/3188683,少女,,中,中,o,o,,,,,
2018/08/05,キッシュ,kissyu,むたちゃんねる販売所,4966,https://booth.pm/ja/items/954376,少女,,中,小,o,o,,,,,
2023/6/4,マキナ,makina,WARPSTORE,4987,https://booth.pm/ja/items/4751941,少女,150122,大,大,,,,,,,o
2022/09/23,シェーナ,shayna,まつり場,4876,https://booth.pm/ja/items/4040235,少女,11569,中,小,,o,,,,,
2022/6/10,ルギネア,ruginea,studio nanodes,4866,https://booth.pm/ja/items/3910335,少女,,中,小,o,o,,,,,
2022/07/16,ゼナ,xena,スタジオシャーロ,4812,https://booth.pm/ja/items/972543,少女,,中,大,,,,,,,
2020/11/01,レイニィ,rainy,こよりLabo,4793,https://booth.pm/ja/items/2495796,少女,69984,中,小,o,o,,,,,
2021/8/6,ヨール,yawl,なっふな堂,4794,https://booth.pm/ja/items/3161633,少女,66647,中,大,o,o,,,,,
2023/12/2,くうた,kuuta,ほとぎ屋,4817,https://booth.pm/ja/items/4897493,少年,80000,中,小,o,o,,,,,
2022/01/28,ルイフォス,lyphos,紅茶のお店,4787,https://booth.pm/ja/items/3604018,少女,100376,中,小,o,o,,,,,
2021/6/3,透羽,sue,mio3io,4766,https://booth.pm/ja/items/3016885,少女,46000,中,小,,,,,,,
2022/2/23,ルシフェ,lucife,追憶の書架,4764,https://booth.pm/ja/items/3674297,少女,79311,中,中,,,,,,,
2022/02/04,スヴァルトリリヤ,svarutolilja,FLASTORE,4750,https://booth.pm/ja/items/3604487,少女,64719,小,小,o,o,,,,,
2022/04/30,モフィラ,mophira,Mister Pink・ミスピン,4746,https://booth.pm/ja/items/3820124,少女,112682,中,大,o,o,,,,,
2019/03/15,Lua,lua,Ficsnade,4687,https://booth.pm/ja/items/1255054,少女,56878,中,小,,,,,,,
2020/10/06,すずはな,suzuhana,もち山金魚,4685,https://booth.pm/ja/items/2408707,ちびキャラ,59118,小,小,,,,,,,
2021/2/20,ルシナ,rushina,なっふな堂,4675,https://booth.pm/ja/items/2721156,少女,43546,中,中,,,,,,,
2023/08/19,あのめあ,anomea,なるかでぃあ県,4694,https://booth.pm/ja/items/5020157,少女,85986,中,小,,,,o,,o,