about_sale_date,name,data_id,author,like,url,category,about_polygon,body(目測),chest(目測),kemomimi,tail,horn,wing,elfmimi,hairo,robo
2019/12/20,イフ・ザ・フラット,if,ツクルノモリ,,https://tsukurunomori.co.jp/3d-model/if,少女,,大,中,o,,,,,,
2020/09/18,ねこやま なえ,nekoyamanae,ツクルノモリ,,https://tsukurunomori.co.jp/3d-model/nekoyamanae,少女,,小,小,o,o,,,,,
2021/5/28,ヴェスピア,vespia,ツクルノモリ,,https://tsukurunomori.co.jp/3d-model/vespia,少女,,中,小,o,,,o,,,
2021/06/25,ネフェル,nefer,ツクルノモリ,,https://tsukurunomori.co.jp/3d-model/nefer,少女,,中,小,o,o,,,,,
2021/07/21,ティコ,tycho,ツクルノモリ,,https://tsukurunomori.co.jp/3d-model/tycho,少女,,中,大,o,o,,,,,
2021/09/22,こくり るる,kokuriruru,ツクルノモリ,,https://tsukurunomori.co.jp/3d-model/kokuriruru,少女,,中,小,o,o,,,,,
2021/10/22,ヴォルフロッテ,wolflotte,ツクルノモリ,,https://tsukurunomori.co.jp/3d-model/wolflotte,少女,,中,中,o,o,,,,,
2021/11/26,フェイリン,feiling,ツクルノモリ,,https://tsukurunomori.co.jp/3d-model/feiling,少女,,中,大,,o,o,,,,
2022/3/25,ペルル,perle,ツクルノモリ,,https://tsukurunomori.co.jp/3d-model/perle,少女,,小,小,o,o,,,,,
2022/4/22,エルフィ,elfee,ツクルノモリ,,https://tsukurunomori.co.jp/3d-model/elfee,少女,,小,小,,,,,,,
2022/5/27,神結くれは,kamusubikureha,ツクルノモリ,,https://tsukurunomori.co.jp/3d-model/kamusubikureha,少女,,中,小,,,o,,,,
2022/8/10,エポナ,epona,ツクルノモリ,,https://tsukurunomori.co.jp/3d-model/epona,少女,,中,大,o,o,,o,,,
2022/10/25,御咲ライネ,misakiraine,ツクルノモリ,,https://tsukurunomori.co.jp/3d-model/misakiraine,少女,,中,大,o,o,,,,,
2023/1/6,メルクル,mellcul,ツクルノモリ,,https://tsukurunomori.co.jp/3d-model/mellcul,少女,,中,大,o,o,,,,o,
2023/3/3,“深淵の観測者”宵闇ねこる,yoiyami_nekoru,ツクルノモリ,,https://tsukurunomori.co.jp/3d-model/yoiyami_nekoru,少女,,小,小,o,o,,,,,
2023/4/28,アメリー,amary,ツクルノモリ,,https://tsukurunomori.co.jp/3d-model/amary,少女,,中,中,,,,,,,
2023/5/26,まりも,marimo,ツクルノモリ,,https://tsukurunomori.co.jp/3d-model/marimo,ちびキャラ,,小,小,o,o,,,,,
2023/10/6,ポプリ,popuri,ツクルノモリ,,https://tsukurunomori.co.jp/3d-model/popuri,少女,,中,大,o,,,,,,
2023/12/22,猫山宙,nekoyamasora,ツクルノモリ,,https://tsukurunomori.co.jp/3d-model/nekoyamasora,少女,,中,大,o,o,,,,,
2024/1/26,立花優衣,tachibanayui,ツクルノモリ,,https://tsukurunomori.co.jp/3d-model/tachibanayui,少女,,大,大,,,,,,,
2024/02/23,伊奈波かや,inabakaya,ツクルノモリ,,https://tsukurunomori.co.jp/3d-model/inabakaya,少女,,中,大,o,,,,,,